Student_ID,Attendance,Study_Hours,Screen_Time,Sleep_Hours,Physical_Health,Mental_Wellbeing,Extra_Activities,Assignment_Completion,Previous_CGPA,CGPA
S001,92,6,3,8,5,5,3,95,8.5,8.8
S002,85,5,4,7,4,4,2,88,8,8.2
S003,78,3,6,6,3,3,1,75,7.2,7.3
S004,95,7,2,8,5,5,4,98,9,9.2
S005,82,4,5,7,4,3,2,84,7.7,7.8
S006,88,5,4,7,4,4,3,91,8.3,8.5
S007,70,2,7,6,3,2,1,68,6.8,6.9
S008,91,6,3,8,5,4,3,94,8.5,8.7
S009,76,3,6,6,3,3,2,72,7,7.1
S010,89,5,4,7,4,4,3,90,8.2,8.4
S011,96,7,2,8,5,5,4,97,9.1,9.3
S012,83,4,5,7,4,4,2,82,7.8,8
S013,74,3,6,6,3,3,1,70,6.9,7
S014,87,5,4,7,4,4,2,89,8.1,8.3
S015,93,7,3,8,5,5,4,96,8.8,9
S016,79,4,5,7,3,3,2,77,7.4,7.6
S017,84,5,4,7,4,4,2,85,7.9,8.1
S018,90,6,3,8,5,4,3,93,8.6,8.8
S019,68,3,7,6,2,2,1,65,6.5,6.6
S020,86,5,4,7,4,4,3,90,8.2,8.4
S021,85,5,4,7,1,4,3,85,8,8.44
S022,85,5,4,7,4,4,2,85,8,8.17
